车型加价提车ID,车型加价编号,车品牌,父ID,车型加价名称,车型加价费用,层级
1,,AC Schnitzer,0,,,
2,,阿尔法罗米欧,0,,,
3,,阿斯顿马丁,0,,,
4,,奥迪（进口）,0,,,
5,,奥迪RS,0,,,
6,,奥迪（一汽）,0,,,
7,,巴博斯,0,,,
8,,宝骏（上汽通用五菱）,0,,,
9,,宝马（华晨）,0,,,
10,,宝马（进口）,0,,,
11,,宝马M,0,,,
12,,宝沃,0,,,
13,,保时捷,0,,,
14,,北汽,0,,,
15,,北汽（幻速）,0,,,
16,,北汽（绅宝）,0
17,,北汽（威旺）,0
18,,北汽（制造厂）,0
19,,北京新能源,0
20,,奔驰（北京）,0
21,,奔驰（福建）,0
22,,奔驰（进口）,0
23,,奔驰（梅赛德斯-AMG）,0
24,,奔腾,0
25,,本田（广汽）  ,0
26,,本田（进口）,0
27,,本田（东风）,0
28,,比亚迪 ,0
29,,标致（东风）,0
30,,标志（进口）,0
31,,别克（上海通用）,0
32,,宾利 ,0
33,,布嘉迪,0
34,,昌河汽车,0
35,,长安汽车,0
36,,长城汽车  ,0
37,,成功汽车,0
38,,DS,0
39,,大众（上海）,0
40,,大众（一汽） ,0
41,,大众（进口）,0
42,,道奇（进口）,0
43,,东风汽车 ,0
44,,东风（风度）,0
45,,东风（小康）,0
46,,东风（风神）,0
47,,东风（风光）,0
48,,东风（风行）,0
49,,东南,0
50,,法拉利,0
51,,菲亚特（进口）,0
52,,菲亚特（南京）,0
53,,菲亚特（广汽菲克）,0
54,,丰田（广汽）,0
55,,丰田（一汽）,0
56,,丰田（进口）,0
57,,福迪,0
58,,福气启腾,0
59,,福特（长安）,0
60,,福特（江铃）,0
61,,福特（进口）,0
62,,福田汽车,0
63,,GMC ,0
64,,观致,0
65,,广汽传祺,0
66,,广汽（吉奥）,0
67,,哈飞汽车,0
68,,哈弗,0
69,,海格,0
70,,海马,0
71,,海马(郑州),0
72,,悍马,0
73,,恒天,0
74,,红旗,0
75,,华凯,0
76,,华利,0
77,,华颂,0
78,,华泰,0
79,,华泰（新能源）,0
80,,黄海,0
81,,Jeep（北京）,0
82,,Jeep（广汽菲克）,0
83,,Jeep（进口）,0
84,,Jeep（SRT）,0
85,,吉利,0
86,,江淮汽车,0
87,,江铃,0
88,,捷豹,0
89,,金杯（华晨）,0
90,,金杯（绵阳）,0
91,,金龙,0
92,,金旅,0
93,,九龙,0
94,,KTM,0
95,,卡尔森,0
96,,卡威,0
97,,开瑞,0
98,,凯佰赫,0
99,,凯迪拉克（上汽通用）,0
100,,凯迪拉克（进口）,0
101,,凯翼,0
102,,康迪,0
103,,科尼赛克,0
104,,克莱斯勒,0
105,,克莱斯勒（进口）,0
106,,LOCAL MOTORS,0
107,,兰博基尼,0
108,,蓝旗亚,0
109,,朗世,0
110,,劳斯莱斯,0
111,,雷克萨斯,0
112,,雷诺,0
113,,理念,0
114,,力帆（重庆）,0
115,,莲花汽车,0
116,,猎豹,0
117,,林肯,0
118,,铃木（长安）,0
119,,铃木（昌河）,0
120,,铃木（进口）,0
121,,陆地方舟,0
122,,陆风,0
123,,路虎,0
124,,路特斯,0
125,,MG,0
126,,MINI,0
127,,马自达（长安),0
128,,马自达(一汽）,0
129,,马自达（进口）,0
130,,玛莎拉蒂,0
131,,达巴赫,0
132,,迈凯伦,0
133,,摩根,0
134,,纳智捷,0
135,,南京金龙,0
136,,讴歌,0
137,,欧朗,0
138,,欧宝,0
139,,帕加尼,0
140,,奇瑞,0
141,,奇瑞（新能源）,0
142,,启辰,0
143,,起亚 （东风悦达）,0
144,,起亚（进口）,0
145,,日产（东风）,0
146,,日产（进口）,0
147,,日产（郑州）,0
148,,荣威,0
149,,如虎,0
150,,Smart,0
151,,赛麟,0
152,,三菱（东南汽车）,0
153,,三菱（广汽）,0
154,,三菱（进口）,0
155,,陕汽通家,0
156,,上汽大通,0
157,,双环,0
158,,双龙,0
159,,思铭,0
160,,斯巴鲁,0
161,,斯达泰克,0
162,,斯柯达（进口）,0
163,,斯柯达（上海大众）,0
164,,特斯拉,0
165,,腾势,0
166,,威麟,0
167,,威兹曼,0
168,,淮柴英致,0
169,,沃尔沃（长安）,0
170,,沃尔沃（进口）,0
171,,沃尔沃（亚太）,0
172,,五菱,0
173,,五十铃,0
174,,西雅特,0
175,,现代(北京),0
176,,现代（四川）,0
177,,现代（进口）,0
178,,新凯,0
179,,雪佛兰（上汽通用） ,0
180,,雪佛兰(进口),0
181,,雪铁龙（东风）,0
182,,雪铁龙（进口） ,0
183,,野马,0
184,,一汽（红旗）,0
185,,一汽（天津）,0
186,,一汽（吉林）,0
187,,一汽（通用）,0
188,,依维柯,0
189,,英菲尼迪,0
190,,永源,0
191,,驭胜,0
192,,知豆,0
193,,中华,0
194,,中兴（广汽）,0
195,,中兴,0
196,,众泰汽车,0
197,,7系列,1
198,,X6,1
199,,ALFA 166,2
200,,ALFA 156,2
201,,V8 Vantage,3
202,,V12 Vantage,3
203,,DB11,3
204,,vanquish,3
205,,DB9,3
206,,拉共达Taraf,3
207,,Rapide,3
208,,A1,4
209,,A3,4
210,,S3,4
211,,A4,4
212,,A5,4
213,,S5,4
214,,A6,4
215,,S6,4
216,,A7,4
217,,S7,4
218,,A8,4
219,,S8,4
220,,Q3,4
221,,Q5,4
222,,SQ5,4
223,,Q7,4
224,,TT,4
225,,TTS,4
226,,R8,4
227,,RS5,5
228,,RS7,5
229,,A3,6
230,,A4L,6
231,,A6L,6
232,,Q3,6
233,,Q5,6
234,,CLS,7
235,,M,7
236,,SLK,7
237,,S ,7
238,,乐驰,8
239,,宝骏330,8
240,,宝骏610,8
241,,宝骏630,8
242,,宝骏560,8
243,,宝骏730,8
244,,2系,9
245,,3系,9
246,,5系,9
247,,X1,9
248,,i3,10
249,,1系,10
250,,3系,10
251,,3系GT,10
252,,4系,10
253,,5系,10
254,,5系GT,10
255,,6系,10
256,,7系,10
257,,X3,10
258,,X4,10
259,,X5,10
260,,X6,10
261,,2系多功能旅行车,10
262,,2系,10
263,,i8,10
264,,Z4,10
265,,2系旅行车（进口）,10
266,,M3,11
267,,M4,11
268,,M5,11
269,,M6,11
270,,X5M,11
271,,X6M,11
272,,M2,11
273,,BX7,12
274,,卡宴,13
275,,Panamera,13
276,,Macan,13
277,,Cayman ,13
278,,Boxste,13
279,,918,13
280,,911,13
281,,北京40,14
282,,北京80,14
283,,H2,15
284,,H3,15
285,,S6,15
286,,S3,15
287,,S2,15
288,,H6,15
289,,H2V,15
290,,H3F,15
291,,绅宝D20,16
292,,绅宝CC,16
293,,绅宝D50,16
294,,绅宝D60,16
295,,绅宝D70,16
296,,绅宝D80 ,16
297,,绅宝X25,16
298,,绅宝X55,16
299,,绅宝C65,16
300,,北汽威旺S50,17
301,,北汽威旺306,17
302,,北汽威旺307,17
303,,北汽威旺M20,17
304,,北汽威旺M30,17
305,,北汽威旺M35,17
306,,北汽威旺T205-D,17
307,,北汽007,17
308,,战旗,18
309,,BJ212,18
310,,北京BW007,18
311,,勇士,18
312,,陆霸,18
313,,越铃,18
314,,战旗皮卡,18
315,,EV系列,19
316,,EU系列,19
317,,ES210,19
318,,EX200,19
319,,C级,20
320,,E级,20
321,,GLA,20
322,,GLC,20
323,,GLK,20
324,,V级,21
325,,威霆,21
326,,唯雅诺,21
327,,凌特,21
328,,A级,22
329,,B级,22
330,,CLA,22
331,,C级(进口）,22
332,,E级（进口）,22
333,,S级,22
334,,GLE,22
335,,G级,22
336,,GLS,22
337,,GL,22
338,,R级,22
339,,SLK,22
340,,SL,22
341,,GLA(进口）,22
342,,M级,22
343,,AMG-A级,23
344,,AMG-GLA级,23
345,,AMG-C级,23
346,,AMG-GLS级,23
347,,AMG-S级,23
348,,AMG-M级,23
349,,AMG-GLE,23
350,,AMG-GLS ,23
351,,AMG-GL,23
352,,AMG-SL,23
353,,AMG-GT,23
354,,AMG-SLS,23
355,,迈巴赫S级,23
356,,B70 ,24
357,,B50 ,24
358,,B30,24
359,,B90,24
360,,X80,24
361,,锋范,25
362,,飞度,25
363,,凌派,25
364,,歌诗图,25
365,,缤智,25
366,,雅阁,25
367,,奥德赛,25
368,,锋范经典,25
369,,飞度,26
370,,INSIGHT,26
371,,CR-Z,26
372,,思铂睿 ,27
373,,杰德,27
374,,哥瑞,27
375,,XR-V,27
376,,艾力绅,27
377,,思域,27
378,,CR-V  ,27
379,,比亚迪M6,28
380,,S8,28
381,,G3,28
382,,F6,28
383,,F3 ,28
384,,F0,28
385,,E5,28
386,,G5,28
387,,L3,28
388,,秦,28
389,,速锐,28
390,,G6,28
391,,思锐,28
392,,元,28
393,,宋,28
394,,S6,28
395,,S7,28
396,,E6,28
397,,M6,28
398,,301,29
399,,308,29
400,,308S,29
401,,408,29
402,,508,29
403,,2008,29
404,,3008,29
405,,4008,30
406,,RCZ,30
407,,标致607,30
408,,标致407,30
409,,标致308,30
410,,标致207 ,30
411,,标致206,30
412,,昂科雷,30
413,,凯越,31
414,,君越,31
415,,君威,31
416,,英朗,31
417,,威朗,31
418,,昂科拉,31
419,,昂科威,31
420,,GL8,31
421,,荣御,31
422,,林荫大道,31
423,,慕尚,32
424,,欧陆,32
425,,飞驰,32
426,,添越,32
427,,雅致 ,32
428,,威航 ,33
429,,福瑞达,34
430,,爱迪尔,34
431,,Q25,34
432,,福瑞达M50,34
433,,富运,34
434,,奔奔,35
435,,长安CX20,35
436,,悦翔V5,35
437,,悦翔V3,35
438,,逸动,35
439,,悦翔V7,35
440,,长安CS35,35
441,,长安CS75,35
442,,长安CS15,35
443,,杰勋,35
444,,奔奔MINI,35
445,,奔奔LOVE,35
446,,奔奔i,35
447,,志翔,35
448,,悦翔,35
449,,CX30 ,35
450,,V5,35
451,,CX70,35
452,,欧尚,35
453,,长安之星,35
454,,长安之星2,35
455,,长安之星3,35
456,,长安之星7,35
457,,长安之星9,35
458,,欧诺,35
459,,长安星卡,35
460,,金牛星,35
461,,神骐T20,35
462,,睿行,35
463,,睿行M90,35
464,,遵行,35
465,,神骐F30,35
466,,神骐F50 ,35
467,,长安之星1,35
468,,酷熊,36
469,,精灵 ,36
470,,C20R,36
471,,M2,36
472,,C30,36
473,,C50,36
474,,风骏5,36
475,,风骏6,36
476,,长城M4,36
477,,嘉誉,36
478,,风骏 ,36
479,,炫丽 ,36
480,,腾翼C30,36
481,,赛弗,36
482,,赛影,36
483,,凌傲,36
484,,V2,37
485,,K1,37
486,,K2,37
487,,X1,37
488,,长安标致雪铁龙DS S4,38
489,,长安标致雪铁龙DS 5LS,38
490,,长安标致雪铁龙DS5,38
491,,长安标致雪铁龙DS6 ,38
492,,雪铁龙（进口）DS3,38
493,,雪铁龙（进口）DS4,38
494,,雪铁龙（进口）DS5,38
495,,辉昂,39
496,,POLO ,39
497,,PASSAT领驭,39
498,,途观,39
499,,途安,39
500,,桑塔纳志俊,39
501,,桑塔纳 ,39
502,,朗逸,39
503,,朗行,39
504,,凌渡,39
505,,帕萨特,39
506,,朗境,39
507,,开迪,40
508,,捷达,40
509,,高尔夫,40
510,,宝来,40
511,,一汽大众CC,40
512,,速腾,40
513,,新宝来,40
514,,迈腾 ,40
515,,甲壳虫 ,41
516,,辉腾,41
517,,高尔夫 ,41
518,,大众CC,41
519,,Tiguan,41
520,,PASSAT,41
521,,Multivan ,41
522,,途锐,41
523,,EOS,41
524,,尚酷 ,41
525,,UP!,41
526,,蔚揽,41
527,,夏朗,41
528,,凯路威,41
529,,凯领  ,42
530,,酷搏,42
531,,Dart,42
532,,锋哲,42
533,,Charger,42
534,,挑战者,42
535,,翼龙,42
536,,Circuit EV,42
537,,Rampage,42
538,,D100,42
539,,M80,42
540,,蜂蛇,42
541,,挑战者SRT,42
542,,酷威,42
543,,Ram,42
544,,锋哲 ,42
545,,汗马,43
546,,御风,43
547,,皮卡,43
548,,俊风CV03,43
549,,虎视,43
550,,风度MX5 ,44
551,,风度MX6,44
552,,C35,45
553,,C36,45
554,,C37,45
555,,K07,45
556,,K07Ⅱ,45
557,,K07S,45
558,,K17,45
559,,V07S,45
560,,V29,45
561,,C31,45
562,,C32,45
563,,K01 ,45
564,,K02,45
565,,V21,45
566,,V22,45
567,,风神S30,46
568,,风神H30  ,46
569,,风神A60,46
570,,风神A30,46
571,,风神L60,46
572,,风神AX3,46
573,,风神AX7,46
574,,风神AX5,46
575,,A9,46
576,,风光580,47
577,,风光360,47
578,,风光370,47
579,,风光330 ,47
580,,风光350,47
581,,风行SX6,48
582,,景逸,48
583,,景逸S50,48
584,,景逸X3,48
585,,景逸X5,48
586,,风行,48
587,,凌志,48
588,,V3菱悦,49
589,,V5菱致,49
590,,V6菱仕,49
591,,东南DX7,49
592,,希旺,49
593,,得利卡,49
594,,东南,49
595,,F430,50
596,,F360,50
597,,ENZ0,50
598,,California,50
599,,612,50
600,,599GTB ,50
601,,575M,50
602,,458,50
603,,F12berlinetta,50
604,,FF ,50
605,,Laferrari,50
606,,488,50
607,,GTC4Lusso,50
608,,sergio,50
609,,308,50
610,,599,50
611,,Dino,50
612,,Enzo,50
613,,212,50
614,,250GT ,50
615,,275,50
616,,288,50
617,,328,50
618,,348,50
619,,360,50
620,,400,50
621,,410,50
622,,456,50
623,,500,50
624,,550,50
625,,575M,50
626,,612,50
627,,F355,50
628,,F40,50
629,,F430,50
630,,F50,50
631,,博悦,51
632,,朋多,51
633,,500,51
634,,菲跃,51
635,,领雅 ,51
636,,周末风,52
637,,派力奥,52
638,,派朗,52
639,,西耶那,52
640,,菲翔,53
641,,致悦,53
642,,凯美瑞 ,54
643,,致炫,54
644,,雷凌,54
645,,逸致,54
646,,汉兰达,54
647,,雅力士  ,54
648,,卡罗拉,55
649,,花冠,55
650,,皇冠,55
651,,普锐斯,55
652,,普拉多,55
653,,RAV4 ,55
654,,威驰,55
655,,特锐,55
656,,锐志 ,55
657,,陆地巡洋舰,55
658,,兰德酷路泽,55
659,,普瑞维亚,56
660,,普拉多,56
661,,Fortuner,56
662,,红杉,56
663,,HIACE,56
664,,坦途,56
665,,丰田,56
666,,埃尔法,56
667,,RAV4,56
668,,FJ 酷路泽,56
669,,揽福,57
670,,探索者,57
671,,探索者6,57
672,,小超人,57
673,,雄狮,57
674,,EX80,58
675,,M70,58
676,,嘉年华,59
677,,福克斯,59
678,,福睿斯,59
679,,蒙迪欧,59
680,,致胜,59
681,,金牛座,59
682,,翼博,59
683,,翼虎,59
684,,锐界,59
685,,麦柯斯,59
686,,蒙迪欧-致胜,59
687,,撼路者,60
688,,途睿欧,60
689,,嘉年华,61
690,,福克斯,61
691,,锐界,61
692,,探险者,61
693,,E350,61
694,,Mustang,61
695,,福特GT,61
696,,福特F-150,61
697,,萨瓦纳,62
698,,伽途ix5,62
699,,伽途ix7,62
700,,萨普,62
701,,拓陆者,62
702,,迷迪,62
703,,YUKON,63
704,,SIERRA,63
705,,观致3,64
706,,观致5,64
707,,传祺GA3,65
708,,传祺GA3视界,65
709,,传祺GA5,65
710,,传祺GA6,65
711,,传祺GA8,65
712,,传祺GS4,65
713,,传祺GS5,65
714,,传祺GS Super,65
715,,吉奥GX6,66
716,,奥轩GX5,66
717,,E美,66
718,,星朗,66
719,,星旺,66
720,,财运,66
721,,中意,67
722,,赛豹V,67
723,,赛豹III ,67
724,,赛马,67
725,,路宝节油π,67
726,,小霸王,67
727,,骏意,67
728,,民意,67
729,,民意微卡,67
730,,H1,68
731,,H2,68
732,,H5,68
733,,H6,68
734,,H6 coupe,68
735,,H7,68
736,,H8,68
737,,H9,68
738,,海格H4H,69
739,,海格H5C,69
740,,海格H5V,69
741,,海格H6C,69
742,,海格H7V,69
743,,龙威,69
744,,御骏,69
745,,海马M8,70
746,,海马S7,70
747,,海马骑士,70
748,,海马V70,70
749,,普力马,70
750,,海福星,70
751,,欢动,70
752,,丘比特,70
753,,福美来,70
754,,海马M3,71
755,,海马M6,71
756,,海马S5,71
757,,海马王子,71
758,,爱尚,71
759,,福仕达鸿达,71
760,,福仕达荣达,71
761,,悍马HX,72
762,,悍马H3,72
763,,悍马H1,72
764,,悍马H2,72
765,,途腾T1,73
766,,途腾T2,73
767,,途腾T3,73
768,,H7,74
769,,L5,74
770,,B-Concept,74
771,,L7,74
772,,LS5,74
773,,新明仕,74
774,,红旗盛世,74
775,,红旗CA770,74
776,,L9,74
777,,皮卡,75
778,,华利,76
779,,华颂,77
780,,路盛,78
781,,宝利格,78
782,,圣达菲,78
783,,B11,78
784,,iEV260,79
785,,旗胜F1,80
786,,旗胜V3,80
787,,挑战者SUV,80
788,,傲骏,80
789,,大柴神,80
790,,黄海N1,80
791,,黄海N2,80
792,,翱龙CUV,80
793,,小柴神,80
794,,北京JEEP,81
795,,大切诺基,81
796,,自由侠,82
797,,自由光,82
798,,指南者 ,83
799,,自由客,83
800,,牧马人,83
801,,自由光,83
802,,自由人,83
803,,大切诺基,83
804,,指挥官,83
805,,大切诺基,83
806,,大切诺基,84
807,,金刚,85
808,,熊猫,85
809,,英伦C5,85
810,,自由舰,85
811,,帝豪,85
812,,海景,85
813,,英伦TX4,85
814,,远景,85
815,,博瑞,85
816,,吉利EC8,85
817,,博越,85
818,,帝豪GS,85
819,,吉利GX7,85
820,,豪情SUV,85
821,,吉利GC7,85
822,,吉利GC6,85
823,,吉利GX5,85
824,,远景ＳＵＶ,85
825,,美人豹,85
826,,金鹰,85
827,,金刚财富,85
828,,经典帝豪,85
829,,吉利ＧＸ５,85
830,,吉利GX6,85
831,,吉利GX2,85
832,,吉利EC6-RV,85
833,,吉利GC3,85
834,,吉利SC3,85
835,,吉利SC5,85
836,,吉利SC5-RV,85
837,,优利欧,85
838,,吉利GC5,85
839,,吉利GE,85
840,,吉利SX5,85
841,,吉利SX6,85
842,,吉利EX7,85
843,,吉利SX7,85
844,,吉利EX8,85
845,,吉利EV8,85
846,,吉利GV5,85
847,,吉利SV5,85
848,,吉利GS,85
849,,中国龙,85
850,,和悦RS,86
851,,和悦A13RS,86
852,,和悦A30,86
853,,和悦A20,86
854,,江淮IEV7,86
855,,和悦A13,86
856,,和悦,86
857,,宾悦,86
858,,同悦,86
859,,悦悦,86
860,,瑞风,86
861,,瑞风S2,86
862,,瑞风S3,86
863,,瑞风S5,86
864,,瑞风M2,86
865,,瑞风M3,86
866,,瑞风A60,86
867,,瑞风S1,86
868,,SC-9,86
869,,瑞风M4,86
870,,瑞风M5,86
871,,瑞风M6,86
872,,瑞风,86
873,,同悦,86
874,,同悦RS,86
875,,宾悦,86
876,,凌铃,86
877,,帅铃T6,86
878,,愿景IV,86
879,,星锐,86
880,,瑞玲,86
881,,征途,86
882,,帅铃,86
883,,江淮,86
884,,江淮IEV,86
885,,江淮K3,86
886,,江淮K5,86
887,,江淮SC-5,86
888,,瑞风SC-9,86
889,,江淮IEV6E,86
890,,江淮IEV6s,86
891,,瑞鹰,86
892,,宝典,87
893,,域虎,87
894,,江铃,87
895,,骐铃,87
896,,宝威,87
897,,骐铃T7,87
898,,骐铃T3,87
899,,骐铃T5,87
900,,XK,88
901,,TFL,88
902,,XJ,88
903,,XF,88
904,,X-TVPE,88
905,,F-ＰＡＣＥ,88
906,,F-TYPE,88
907,,S-TVPE,88
908,,C-X16,88
909,,c-x75,88
910,,E-TYPE,88
911,,XK,88
912,,X-TYPPE,88
913,,S-TYPE,88
914,,C-TYPE,88
915,,D-TYPE,88
916,,阁瑞斯 ,89
917,,大海狮,89
918,,海狮,89
919,,S50,89
920,,750,89
921,,X30L,89
922,,A7,89
923,,A9,89
924,,X30,89
925,,T22,89
926,,T30,89
927,,海星,89
928,,小海狮,89
929,,西部牛仔,89
930,,小金牛,89
931,,雷龙,89
932,,金杯,89
933,,S30,90
934,,S35,90
935,,大力神,90
936,,大力神K5,90
937,,金典,90
938,,雷龙,90
939,,蒂阿兹,90
940,,金威,91
941,,凯歌,91
942,,凯特,91
943,,大海狮,92
944,,金旅海狮,92
945,,艾菲,93
946,,九龙A4,93
947,,九龙A5,93
948,,考斯特,93
949,,X-BOW,94
950,,卡尔森C25,95
951,,卡尔森S级,95
952,,卡尔森GL级,95
953,,卡威K1,96
954,,凯威W1,96
955,,开瑞K50,97
956,,优胜2代,97
957,,优优2代,97
958,,优翼,97
959,,优派,97
960,,优胜,97
961,,优优,97
962,,优劲,97
963,,杰虎,97
964,,优雅,97
965,,凯佰赫,98
966,,ATS-L,99
967,,CT6,99
968,,XTS,99
969,,Xt5,99
970,,SLS赛威,99
971,,CTS,99
972,,凯雷德,100
973,,凯迪拉克,100
974,,帝威,100
975,,XLR,100
976,,SRX,100
977,,CTS,100
978,,SLS赛威 ,100
979,,CTS ,100
980,,SRX ,100
981,,ESCALADE,100
982,,ATS,100
983,,CT6,100
984,,XTS,100
985,,Ciel,100
986,,XT5,100
987,,Elmiraj,100
988,,ELR,100
989,,BLS,100
990,,Seville,100
991,,SLS,100
992,,STS,100
993,,rougham,100
994,,费雷特伍德,100
995,,凯翼,101
996,,X3,101
997,,C3,101
998,,C3R,101
999,,i-CX,101
1000,,X5,101
1001,,V3,101
1002,,康迪,102
1003,,Agera,103
1004,,On1e:,103
1005,,Regera,103
1006,,CCR,103
1007,,CCXR,103
1008,,大捷龙,104
1009,,300C,104
1010,,铂悦,104
1011,,PT 漫步者,105
1012,,300C,105
1013,,大捷龙,105
1014,,200,105
1015,,Pacifica,105
1016,,Town and Country,105
1017,,PT 漫步者,105
1018,,200C,105
1019,,SRT,105
1020,,RALLY FIGHTER,106
1021,,Reventon,107
1022,,Murcielago,107
1023,,Gallardo  ,107
1024,,Aventador,107
1025,,Urus,107
1026,,Asterion,107
1027,,Centerario,107
1028,,Egoista,107
1029,,Veneno,107
1030,,LM002,107
1031,,Estoque,107
1032,,Huracan,107
1033,,Sesto Elemento,107
1034,,Gallardo  ,107
1035,,蓝旗亚,108
1036,,朗世,109
1037,,幻影,110
1038,,古思特,110
1039,,魅影,110
1040,,曜影,110
1041,,Silver Shadow,110
1042,,CT,111
1043,,IS,111
1044,,ES,111
1045,,GS,111
1046,,LS,111
1047,,NX,111
1048,,GX,111
1049,,RX,111
1050,,LX,111
1051,,RC,111
1052,,RX,111
1053,,RC F,111
1054,,科雷嘉,112
1055,,科雷傲 ,112
1056,,威赛帝,112
1057,,梅甘娜,112
1058,,风朗,112
1059,,纬度,112
1060,,塔里斯曼,112
1061,,卡缤,112
1062,,Twingo,112
1063,,Twizy,112
1064,,ZOE,112
1065,,Clio,112
1066,,Eolab,112
1067,,Kwid,112
1068,,科雷嘉（海外）,112
1069,,Espace,112
1070,,Initiale,112
1071,,Alpine A110-50,112
1072,,拉古娜,112
1073,,DeZir,112
1074,,S1,113
1075,,力帆,114
1076,,力帆330,114
1077,,力帆620,114
1078,,力帆820,114
1079,,力帆X50,114
1080,,力帆X60,114
1081,,力帆T11,114
1082,,力帆X70,114
1083,,力帆320,114
1084,,力帆530,114
1085,,力帆630,114
1086,,力帆720,114
1087,,力帆,114
1088,,迈威,114
1089,,福顺,114
1090,,丰顺,114
1091,,乐途,114
1092,,兴顺,114
1093,,竞悦,115
1094,,竞速,115
1095,,Elise ,115
1096,,莲花L3 ,115
1097,,L5,115
1098,,L6,115
1099,,T5,115
1100,,莲花,115
1101,,飞扬,116
1102,,黑金刚,116
1103,,飞腾,116
1104,,飞腾C5,116
1105,,飞腾CS10,116
1106,,猎豹奇兵,116
1107,,猎豹,116
1108,,猎豹CS6,116
1109,,猎豹CS7,116
1110,,猎豹Q6,116
1111,,CT5,116
1112,,猎豹6481,116
1113,,骐铃,116
1114,,CT7,116
1115,,欧酷曼,116
1116,,CS10,116
1117,,城市,117
1118,,领航员,117
1119,,MKX,117
1120,,MKS,117
1121,,Continental,117
1122,,MKT,117
1123,,MKZ,117
1124,,MKC,117
1125,,C,117
1126,,奥拓,118
1127,,雨燕 ,118
1128,,天语SX4,118
1129,,启悦,118
1130,,天语 尚悦,118
1131,,锋驭,118
1132,,维特拉,118
1133,,羚羊 ,118
1134,,北斗星,119
1135,, X5,119
1136,,派喜,119
1137,,利亚纳A6,119
1138,,浪迪,119
1139,,利亚纳,119
1140,,凯泽西,120
1141,,吉姆尼,120
1142,,超级维特拉 ,120
1143,,速翼特,120
1144,,CELERIO,120
1145,,海拓（海外）,120
1146,,G70,120
1147,,Splash(海外）,120
1148,,iK-2,120
1149,,ALIVIO(海外）,120
1150,,Authentics(海外）,120
1151,,baleno,120
1152,,IGNIS,120
1153,,VITARA(海外）,120
1154,,IGNIS,120
1155,,风驭,120
1156,,iM-4,120
1157,,iV-4,120
1158,,S-CROSS,120
1159,,铃木SX4(海外）,120
1160,,艾威,121
1161,,风尚,121
1162,,V5,121
1163,,风华,122
1164,,风尚,122
1165,,陆风,122
1166,,陆风X5,122
1167,,陆风X7,122
1168,,陆风X9,122
1169,,陆风X8,122
1170,,陆风X6,122
1171,,发现4,123
1172,,发现3  ,123
1173,,发现神行,123
1174,,揽胜极光,123
1175,,揽胜极光（进口）,123
1176,,第一代发现,123
1177,,第二代发现,123
1178,,第三代发现,123
1179,,DC100,123
1180,,卫士,123
1181,,神行者,123
1182,,发现 Vision,123
1183,,Series I,123
1184,,神行者2,123
1185,,揽胜,123
1186,,神行,123
1187,,极光,123
1188,,第四代揽胜运动版,123
1189,,Elise ,124
1190,,Evora,124
1191,,Exige,124
1192,,Elan,124
1193,,Elite,124
1194,,Esprit,124
1195,,3SW,125
1196,,3,125
1197,,5,125
1198,,6,125
1199,,锐行,125
1200,,锐腾,125
1201,,ICON,125
1202,,iGS,125
1203,,7,125
1204,,TF,125
1205,,MINI JCW,126
1206,,MINI,126
1207,,MINI四门,126
1208,,MINI双门,126
1209,,Mazda3 ,127
1210,,马自达3星驰,127
1211,,昂克赛拉,127
1212,,CX-5,127
1213,,马自达2劲翔,127
1214,,Mazda2,127
1215,,RX-8,127
1216,,MX-5,127
1217,,Mazda5,127
1218,,CX-7 ,127
1219,,马自达5,127
1220,,CX-9,127
1221,,马自达3,127
1222,,CX-4,127
1223,,Mazda6,128
1224,,阿特兹,128
1225,,睿翼,128
1226,,马自达CX7,128
1227,,马自达CX8,128
1228,,CX-4,128
1229,,CX-7 ,129
1230,,CX-9,129
1231,,5,129
1232,,MX-5,129
1233,,Hazumi,129
1234,,3,129
1235,,ATENZA,129
1236,,Takeri,129
1237,,6,129
1238,,CX-3,129
1239,,Koeru越,129
1240,,minagi,129
1241,,Shinari,129
1242,,8(进口）,129
1243,,RX7,129
1244,,RX-8,129
1245,,总裁,130
1246,,Spyder,130
1247,,GranTurismo,130
1248,,GranCabrio,130
1249,,Ghibli,130
1250,,Levante,130
1251,,达巴赫,131
1252,,迈凯伦P1,132
1253,,迈凯伦540C,132
1254,,迈凯伦570GT,132
1255,,迈凯伦570S,132
1256,,迈凯伦625C,132
1257,,迈凯伦650S,132
1258,,迈凯伦675LT,132
1259,,迈凯伦12C,132
1260,,迈凯伦F1,132
1261,,3 Wheeler,133
1262,,Aero,133
1263,,Aero4,133
1264,,Aero8,133
1265,,Plus8,133
1266,,Roadster,133
1267,,摩根EV3,133
1268,,纳5,134
1269,,优6SUV,134
1270,,大7SUV,134
1271,,大7MPV,134
1272,,Master ceo,134
1273,,锐3,134
1274,,neora,134
1275,,S5,134
1276,,S5 TURBO,134
1277,,U6 TURBO,134
1278,,开沃D11,135
1279,,TL,136
1280,,RL,136
1281,,MDX  ,136
1282,,ILX,136
1283,,TLX,136
1284,,RLX,136
1285,,RDX,136
1286,,MDX  ,136
1287,,ZDX,136
1288,,NSX,136
1289,,SUV-X,136
1290,,欧朗,137
1291,,Adam,138
1292,,Karl,138
1293,,Crosa,138
1294,,Ampera,138
1295,,雅特,138
1296,,英速亚,138
1297,,Mokka,138
1298,,Vivaro,138
1299,,麦瑞纳,138
1300,,赛飞利,138
1301,,安德拉,138
1302,,Huayra,139
1303,,Zonda,139
1304,,QQ,140
1305,,风云2 ,140
1306,,E3,140
1307,,艾瑞泽3,140
1308,,艾瑞泽5,140
1309,,艾瑞泽7,140
1310,,E5,140
1311,,瑞虎3,140
1312,,瑞虎5,140
1313,,艾瑞泽M7,140
1314,,奇瑞@ANT,140
1315,,奇瑞FV2030,140
1316,,A5,140
1317,,A3,140
1318,,A1  ,140
1319,,东方之子Cross,140
1320,,东方之子 ,140
1321,,旗云3,140
1322,,旗云2,140
1323,,旗云1,140
1324,,Qqme,140
1325,,QQ6,140
1326,,QQ3 ,140
1327,,奇瑞eQ,141
1328,,R30,142
1329,,晨风,142
1330,,D50,142
1331,,R50,142
1332,,R50X,142
1333,,T70,142
1334,,Viwa,142
1335,,T90,142
1336,,T70X,142
1337,,嘉华,143
1338,,福瑞迪,143
1339,,秀尔,143
1340,,锐欧,143
1341,,远舰,143
1342,,K3S,143
1343,,K2,143
1344,,K3,143
1345,,K4,143
1346,,K5,143
1347,,KX3,143
1348,,KX5,143
1349,,智跑,143
1350,,狮跑,143
1351,,赛拉图,143
1352,,千里马,143
1353,,霸锐,144
1354,,凯尊,144
1355,,嘉华,144
1356,,VQ,144
1357,,Picanto,144
1358,,Provo,144
1359,,K5,144
1360,,欧菲莱斯,144
1361,,威客,144
1362,,索兰托,144
1363,,速迈,144
1364,,新佳乐,144
1365,,凯尊,144
1366,,K9,144
1367,,佳乐,144
1368,,嘉华VQ,144
1369,,骏逸,145
1370,,奇骏,145
1371,,西玛奇骏,145
1372,,LANNIA蓝鸟,145
1373,,骐达,145
1374,,骊威,145
1375,,逍客,145
1376,,颐达,145
1377,,阳光,145
1378,,天籁,145
1379,,轩逸 ,145
1380,,楼兰,145
1381,,蓝鸟,145
1382,,玛驰,145
1383,,贵士,146
1384,,风度,146
1385,,风雅 ,146
1386,,奇骏,146
1387,,西玛,146
1388,,途乐 ,146
1389,,370Z,146
1390,,碧莲,146
1391,,GT-R,146
1392,,350Z ,146
1393,,帕拉丁,147
1394,,NV200,147
1395,,D22,147
1396,,ZV,147
1397,,750,148
1398,,550,148
1399,,350,148
1400,,e50,148
1401,,360,148
1402,,e550,148
1403,,950,148
1404,,e950,148
1405,,w5,148
1406,,XL,149
1407,,CTR3,149
1408,,fortwo,150
1409,,smart forfour,150
1410,,smart forjeremy,150
1411,,smart forstars,150
1412,,smart fourjoy,150
1413,,科迈罗,151
1414,,野马,151
1415,,S7,151
1416,,戈蓝 ,151
1417,,蓝瑟翼神,151
1418,,蓝瑟,151
1419,,Lancer,151
1420,,Eclipse ,151
1421,,风迪思,151
1422,,翼神,151
1423,,风迪思,152
1424,,蓝瑟,152
1425,,翼神,152
1426,,三菱戈蓝,152
1427,,君阁,152
1428,,劲炫ASX,153
1429,,帕杰罗,153
1430,,帕杰罗・劲畅,153
1431,,欧蓝德,154
1432,,帕杰罗・劲畅,154
1433,,帕杰罗,154
1434,,福家,155
1435,,龙锐,155
1436,,G10,156
1437,,V80,156
1438,,伊思坦纳,156
1439,,SCEO,157
1440,,小贵族,157
1441,,来宝SRV,157
1442,,主席,158
1443,,蒂维拉,158
1444,,柯兰多,158
1445,,爱腾 ,158
1446,,途凌,158
1447,,雷斯特W,158
1448,,享御,158
1449,,路帝,158
1450,,XLV-Air,158
1451,,雷斯特,158
1452,,思铭,159
1453,,驰鹏,160
1454,,傲虎,160
1455,,翼豹 ,160
1456,,森林人,160
1457,,力狮,160
1458,,XV,160
1459,,卫士,161
1460,,揽胜,161
1461,,法比亚,162
1462,,欧雅,162
1463,,明锐,162
1464,,速尊,162
1465,,速派,162
1466,,晶锐,163
1467,,Octavia明锐 ,163
1468,,昊锐  ,163
1469,,昕动,163
1470,,昕锐,163
1471,,速派,163
1472,,Yeti,163
1473,,MODEL S,164
1474,,MODEL X,164
1475,,MODEL 3,164
1476,,腾势,165
1477,,H3,166
1478,,H5,166
1479,,GT,167
1480,,Roadster,167
1481,,英致G3,168
1482,,英致727,168
1483,,英致737,168
1484,,英致,168
1485,,S80L,169
1486,,S40 ,169
1487,,进口沃尔沃,170
1488,,XC70,170
1489,,XC60,170
1490,,S80 ,170
1491,,V40,170
1492,,V60,170
1493,,XC90,170
1494,,S60 ,170
1495,,S40,170
1496,,C70,170
1497,,C30 ,170
1498,,亚太沃尔沃,171
1499,,XC60,171
1500,,XC Classic,171
1501,,S60L,171
1502,,五菱宏光,172
1503,,五菱荣光,172
1504,,五菱之光,172
1505,,五菱征程,172
1506,,五十铃,173
1507,,D-MAX,173
1508,,瑞迈,173
1509,,皮卡,173
1510,,伊比飒,174
1511,,LEON,174
1512,,欧悦搏,174
1513,,北京现代,175
1514,,SONATA御翔,175
1515,,瑞纳,175
1516,,瑞奕,175
1517,,悦动,175
1518,,朗动,175
1519,,领动,175
1520,,名图,175
1521,,索纳塔九,175
1522,,SONATA领翔,175
1523,,全新胜达,175
1524,,索纳塔八,175
1525,,北京现代IX,175
1526,,伊兰特,175
1527,,雅绅特,175
1528,,moInca名驭,175
1529,,途胜,175
1530,,i30,175
1531,,ix35 ,175
1532,,康恩迪,176
1533,,进口现代,177
1534,,君爵,177
1535,,雅尊,177
1536,,雅科仕,177
1537,,维拉克斯 ,177
1538,,新胜达,177
1539,,劳恩斯-酷派,177
1540,,劳恩斯,177
1541,,美佳,177
1542,,飞思,177
1543,,索纳塔,177
1544,,捷恩斯,177
1545,,雅科仕,177
1546,,格锐,177
1547,,全新胜达,177
1548,,辉翼,177
1549,,酷派,177
1550,,凯胜,178
1551,,凌特,178
1552,,威霆,178
1553,,赛欧,179
1554,,爱唯欧,179
1555,,乐风RV,179
1556,,科鲁兹,179
1557,,迈锐宝,179
1558,,迈锐宝XL,179
1559,,创酷,179
1560,,科帕奇,179
1561,,景程,179
1562,,乐驰,179
1563,,乐风,179
1564,,科迈罗,180
1565,,斯帕可,180
1566,,Bilt,180
1567,,Camaro,180
1568,,凯旋 ,181
1569,,C4L,181
1570,,C4世嘉,181
1571,,C3-ＸＲ,181
1572,,富康,181
1573,,毕加索,181
1574,,爱丽舍,181
1575,,世嘉,181
1576,,C5,181
1577,,C2 ,181
1578,,大C4毕加索,182
1579,,C4 coupe,182
1580,,C4 Picasso,182
1581,,C6,182
1582,,C5,182
1583,,C4,182
1584,,F10,183
1585,,F12,183
1586,,F16,183
1587,,T70,183
1588,,盛世 ,184
1589,,威志V2,185
1590,,威志V5,185
1591,,威志N5,185
1592,,夏利N5,185
1593,,夏利N7,185
1594,,夏利,185
1595,,骏派,185
1596,,森雅,186
1597,,佳宝,186
1598,,解放,186
1599,,坤程,187
1600,,宝迪,188
1601,,都灵,188
1602,,得意,188
1603,,英菲尼迪,189
1604,,G37,189
1605,,EX25,189
1606,,EX 35,189
1607,,FX 35,189
1608,,FX 50S,189
1609,,M 35,189
1610,,G25,189
1611,,Q50L,189
1612,,Q50,189
1613,,Q60,189
1614,,Q70,189
1615,,ESQ,189
1616,,QX系列,189
1617,,QX50,189
1618,,猎鹰,190
1619,,A380,190
1620,,五星,190
1621,,S350,191
1622,,D1,192
1623,,D2,192
1624,,豚,193
1625,,中华,193
1626,,尊驰,193
1627,,中兴C3,194
1628,,中兴GX3,194
1629,,旗舰A9,195
1630,,威虎,195
1631,,无限V7,195
1632,,无限V5,195
1633,,无限V3,195
1634,,长铃皮卡,195
1635,,小老虎,195
1636,,众泰,196
1637,,芝麻E30,196
1638,,梦迪博朗,196
1639,,众泰5008,196
1640,,众泰2008,196
1641,,江南T11,196
1642,,江南TT,196
1643,,云100,196
1644,,江南,196
1645,,运,196
1646,,大迈,196
1647,,E200,196
1648,,Z100,196
1649,,Z300,196
1650,,Z500,196
1651,,Z700,196
1652,,X5,196
1653,,SR7,196
1654,,T600,196
1655,,V10,196
